<?xml version="1.0" encoding="UTF-8" standalone="no"?>
<project xmlns="http://maven.apache.org/POM/4.0.0" xmlns:xsi="http://www.w3.org/2001/XMLSchema-instance"
	xsi:schemaLocation="http://maven.apache.org/POM/4.0.0 http://maven.apache.org/maven-v4_0_0.xsd">

	<modelVersion>4.0.0</modelVersion>
	<groupId>com.icoe</groupId>
	<artifactId>parent</artifactId>
	<version>1.0</version>
	<packaging>pom</packaging>
	<name>Mule ICOE Parent POM</name>

	<properties>
		<project.build.sourceEncoding>UTF-8</project.build.sourceEncoding>
		<project.reporting.outputEncoding>UTF-8
		</project.reporting.outputEncoding>
		<mule.version>3.7.1</mule.version>
		<mule.tools.version>1.1</mule.tools.version>
		<munit.version>1.1.1</munit.version>
		<mule.munit.support.version>3.7.1</mule.munit.support.version>
		<icoe_wd_common.version>1.0.1</icoe_wd_common.version>
		<loggingframework.version>2.0.0</loggingframework.version>
		<mule-module-sqs.version>3.1.1</mule-module-sqs.version>
		<mule-module-objectstore.version>RELEASE
		</mule-module-objectstore.version>
		<mule-module-s3.version>3.0.0</mule-module-s3.version>
		<mule-module-requester.version>1.3</mule-module-requester.version>
		<mule-module-security-api.version>1.4.0
		</mule-module-security-api.version>
		<mule-module-security-encryption.version>1.4.0
		</mule-module-security-encryption.version>
		<mule-module-security-property-placeholder.version>1.4.0
		</mule-module-security-property-placeholder.version>
		<mule-module-validations.version>3.7.0
		</mule-module-validations.version>
	</properties>

	<!-- SVN Location -->
	<scm>
		<connection>scm:svn:https://63.128.188.19/svn/008061/icoe/mule/ReleaseVerProject/tags/Regex-POC-1.0.7
		</connection>
		<developerConnection>scm:svn:https://63.128.188.19/svn/008061/icoe/mule/ReleaseVerProject/tags/Regex-POC-1.0.7
		</developerConnection>
		<url>https://63.128.188.19/svn/008061/icoe/mule/ReleaseVerProject/tags/Regex-POC-1.0.7
		</url>
		<tag>HEAD</tag>
	</scm>

	<!-- Jenkins Server Location -->
	<distributionManagement>
		<repository>
			<id>release</id>
			<url>http://ec2-52-32-59-235.us-west-2.compute.amazonaws.com:8081/repository/hrworkdays
			</url>
		</repository>
		<snapshotRepository>
			<id>release</id>
			<url>http://ec2-52-32-59-235.us-west-2.compute.amazonaws.com:8081/repository/snapshots
			</url>
		</snapshotRepository>
	</distributionManagement>

	<!--Plugin Dependencies -->
	<build>
		<plugins>
		    <plugin>
				<groupId>org.mule.tools.maven</groupId>
				<artifactId>mule-app-maven-plugin</artifactId>
				<version>${mule.tools.version}</version>
				<extensions>true</extensions>
				<configuration>
					<copyToAppsDirectory>true</copyToAppsDirectory>
					<inclusions>
						<inclusion>
							<groupId>org.mule.modules</groupId>
							<artifactId>mule-module-extensions-support</artifactId>
						</inclusion>
						<inclusion>
							<groupId>org.mule.modules</groupId>
							<artifactId>mule-module-extensions-spring-support</artifactId>
						</inclusion>
					</inclusions>
				</configuration>
			</plugin>
			<plugin>
				<groupId>org.apache.maven.plugins</groupId>
				<artifactId>maven-deploy-plugin</artifactId>
				<version>2.7</version>
				<configuration>
					<skip>${skip.deploy.nexus}</skip>
				</configuration>
			</plugin>
			<plugin>
				<groupId>org.codehaus.mojo</groupId>
				<artifactId>versions-maven-plugin</artifactId>
				<version>2.1</version>
			</plugin>
			<plugin>
				<artifactId>maven-scm-plugin</artifactId>
				<version>1.8.1</version>
				<configuration>
					<tag>${project.artifactId}-${project.version}</tag>
				</configuration>
			</plugin>
			<plugin>
				<groupId>org.apache.maven.plugins</groupId>
				<artifactId>maven-release-plugin</artifactId>
				<version>2.5</version>
				<configuration>
					<checkModificationExcludes>
						<checkModificationExclude>pom.xml</checkModificationExclude>
					</checkModificationExcludes>
				</configuration>
			</plugin>
			<plugin>
				<artifactId>maven-assembly-plugin</artifactId>
				<version>2.2.1</version> 
				<configuration>
					<descriptorRefs>
						<descriptorRef>project</descriptorRef>
					</descriptorRefs>
				</configuration>
			</plugin>
			<plugin>
				<groupId>org.apache.maven.plugins</groupId>
				<artifactId>maven-surefire-plugin</artifactId>
				<version>2.19.1</version>
			</plugin>
			<plugin>
				<groupId>org.codehaus.mojo</groupId>
				<artifactId>build-helper-maven-plugin</artifactId>
				<version>1.7</version>
				<executions>
					<execution>
						<id>add-resource</id>
						<phase>generate-resources</phase>
						<goals>
							<goal>add-resource</goal>
						</goals>
						<configuration>
							<resources>
								<resource>
									<directory>src/main/app/</directory>
								</resource>
								<resource>
									<directory>mappings/</directory>
								</resource>
							</resources>
						</configuration>
					</execution>
				</executions>
			</plugin>
			<plugin>
				<groupId>org.apache.maven.plugins</groupId>
				<artifactId>maven-checkstyle-plugin</artifactId>
				<version>2.9.1</version>
				<configuration>
					<consoleOutput>true</consoleOutput>
				</configuration>
				<executions>
					<execution>
						<id>checkstyle</id>
						<goals>
							<goal>checkstyle</goal>
						</goals>
						<phase>prepare-package</phase>
					</execution>
				</executions>
			</plugin>
			<plugin>
				<groupId>org.codehaus.mojo</groupId>
				<artifactId>cobertura-maven-plugin</artifactId>
				<version>2.7</version>
			</plugin>
			<plugin>
				<groupId>org.codehaus.mojo</groupId>
				<artifactId>findbugs-maven-plugin</artifactId>
				<version>2.3.1</version>
			</plugin> 
			<plugin>
				<groupId>com.mulesoft.munit.tools</groupId>
				<artifactId>munit-maven-plugin</artifactId>
				<version>${munit.version}</version>
				<executions>
					<execution>
						<id>test</id>
						<phase>test</phase>
						<goals>
							<goal>test</goal>
						</goals>
					</execution>
				</executions>
				<configuration>
					<coverage>
						<runCoverage>true</runCoverage>
						<formats>
							<format>html</format>
							<format>console</format>
						</formats>
					</coverage>
				</configuration>
			</plugin>
		</plugins>
		<testResources>
			<testResource>
				<directory>src/test/munit</directory>
			</testResource>
			<testResource>
				<directory>src/test/resources</directory>
			</testResource>
		</testResources>
	</build>

	<!-- Mule Dependencies -->
	<dependencies>
		<dependency>
			<groupId>org.apache.maven.plugins</groupId>
			<artifactId>maven-pmd-plugin</artifactId>
			<version>3.6</version>
		</dependency>
		<dependency>
			<groupId>org.apache.maven.plugins</groupId>
			<artifactId>maven-checkstyle-plugin</artifactId>
			<version>2.17</version>
			<type>maven-plugin</type>
		</dependency>
		
		<!-- Xml configuration -->
		<dependency>
			<groupId>com.mulesoft.muleesb</groupId>
			<artifactId>mule-core-ee</artifactId>
			<version>${mule.version}</version>
			<scope>provided</scope>
		</dependency>
		<dependency>
			<groupId>org.mule.modules</groupId>
			<artifactId>mule-module-spring-config</artifactId>
			<version>${mule.version}</version>
			<scope>provided</scope>
		</dependency>
		<dependency>
			<groupId>com.mulesoft.muleesb.modules</groupId>
			<artifactId>mule-module-spring-config-ee</artifactId>
			<version>${mule.version}</version>
			<scope>provided</scope>
		</dependency>	
			
		<!-- Mule Modules -->
		<dependency>
			<groupId>org.mule.modules</groupId>
			<artifactId>mule-module-scripting</artifactId>
			<version>${mule.version}</version>
			<scope>provided</scope>
		</dependency>
		<dependency>
			<groupId>org.mule.modules</groupId>
			<artifactId>mule-module-xml</artifactId>
			<version>${mule.version}</version>
			<scope>provided</scope>
		</dependency>
		<dependency>
			<groupId>org.mule.modules</groupId>
			<artifactId>mule-module-extensions-support</artifactId>
			<version>${mule.version}</version>
		</dependency>
		<dependency>
			<groupId>org.mule.modules</groupId>
			<artifactId>mule-module-extensions-spring-support</artifactId>
			<version>${mule.version}</version>
		</dependency>
		
		<!-- For Testing -->
		<dependency>
			<groupId>org.mule.tests</groupId>
			<artifactId>mule-tests-functional</artifactId>
			<version>${mule.version}</version>
			<scope>test</scope>
		</dependency>
		<dependency>
			<groupId>com.mulesoft.munit</groupId>
			<artifactId>mule-munit-support</artifactId>
			<version>${mule.munit.support.version}</version>
			<scope>test</scope>
		</dependency>
		<dependency>
			<groupId>com.mulesoft.munit</groupId>
			<artifactId>munit-runner</artifactId>
			<version>${munit.version}</version>
			<scope>test</scope>
		</dependency>
		
	<!-- Encryption and security -->
		<dependency>
			<groupId>com.mulesoft.security</groupId>
			<artifactId>security-api</artifactId>
			<version>${mule-module-security-api.version}</version>
		</dependency>
		<dependency>
			<groupId>org.bouncycastle</groupId>
			<artifactId>bcpg-jdk16</artifactId>
			<version>1.45</version>
		</dependency>
		<dependency>
			<groupId>com.mulesoft.security</groupId>
			<artifactId>mule-module-security-encryption</artifactId>
			<version>${mule-module-security-encryption.version}</version>
		</dependency>
		<dependency>
			<groupId>com.mulesoft.security</groupId>
			<artifactId>mule-module-security-property-placeholder</artifactId>
			<version>${mule-module-security-property-placeholder.version}
			</version>
		</dependency>
	</dependencies>


	<!--Repository -->
	<repositories>
		<repository>
			<id>Central</id>
			<name>Central</name>
			<url>http://repo1.maven.org/maven2/</url>
			<layout>default</layout>
		</repository>
		<repository>
			<id>mulesoft-releases</id>
			<name>MuleSoft Releases Repository</name>
			<url>http://repository.mulesoft.org/releases/</url>
			<layout>default</layout>
		</repository>
		<repository>
			<id>mulesoft-snapshots</id>
			<name>MuleSoft Snapshots Repository</name>
			<url>http://repository.mulesoft.org/snapshots/</url>
			<layout>default</layout>
		</repository>
		<repository>
			<id>muleforge-releases</id>
			<name>MuleForge Snapshot Repository</name>
			<url>https://repository-master.mulesoft.org/nexus/content/repositories/releases/
			</url>
		</repository>
		<repository>
			<id>mule-ee-releases</id>
			<name>MuleEE Releases Repository</name>
			<url>https://repository-master.mulesoft.org/nexus/content/repositories/releases-ee/
			</url>
			<snapshots>
				<enabled>false</enabled>
			</snapshots>
		</repository>
	</repositories>
	<pluginRepositories>
		<pluginRepository>
			<id>mulesoft-release</id>
			<name>mulesoft release repository</name>
			<layout>default</layout>
			<url>http://repository.mulesoft.org/releases/</url>
			<snapshots>
				<enabled>true</enabled>
			</snapshots>
		</pluginRepository>
	</pluginRepositories>

<!-- Profiles for Deployments -->
	<profiles>
		<profile>
			<id>dev</id>
		</profile>
		<profile>
			<id>deployer</id>
			<distributionManagement>
				<repository>
					<id>release</id>
					<name>Releases</name>
					<url>http://nexus.xkit.co/nexus/content/repositories/releases</url>
				</repository>
				<snapshotRepository>
					<id>snapshots</id>
					<name>Snapshots</name>
					<url>http://nexus.xkit.co/nexus/content/repositories/snapshots
					</url>
				</snapshotRepository>
			</distributionManagement>
		</profile>
		<profile>
			<id>sonar</id>
			<activation>
				<activeByDefault>false</activeByDefault>
			</activation>
			<build>
				<plugins>
					<plugin>
						<groupId>org.codehaus.mojo</groupId>
						<artifactId>sonar-maven-plugin</artifactId>
						<executions>
							<execution>
								<id>sonar</id>
								<goals>
									<goal>sonar</goal>
								</goals>
								<inherited>true</inherited>
							</execution>
						</executions>
						<configuration>
							<sonar.host.url>http://ec2-52-43-98-236.us-west-2.compute.amazonaws.com:9000/
							</sonar.host.url>
						</configuration>
					</plugin>
				</plugins>
			</build>
		</profile>
		<profile>
			<id>Mule</id>
			<activation>
				<activeByDefault>true</activeByDefault>
			</activation>
			<repositories>
				<repository>
					<id>MuleRepository</id>
					<name>MuleRepository</name>
					<url>https://repository.mulesoft.org/nexus-ee/content/repositories/releases-ee/
					</url>
					<layout>default</layout>
					<releases>
						<enabled>true</enabled>
					</releases>
					<snapshots>
						<enabled>true</enabled>
					</snapshots>
				</repository>
			</repositories>
		</profile>
		<profile>
			<id>deployment</id>
			<activation>
				<activeByDefault>false</activeByDefault>
			</activation>
			<build>
				<plugins>
					<plugin>
						<groupId>org.mule.tools.maven</groupId>
						<artifactId>mule-maven-plugin</artifactId>
						<version>2.1.1</version>
						<configuration>
							<applicationName>${projectName}</applicationName>
							<muleVersion>${muleVersion}</muleVersion>
							<username>${username}</username>
							<password>${password}</password>
							<workerType>${workerType}</workerType>
							<workers>${workers}</workers>
							<region>${region}</region>
							<redeploy>true</redeploy>
							<environment>${environment}</environment>
							<deploymentType>cloudhub</deploymentType>
							<url>https://anypoint.mulesoft.com/accounts</url>
							<!-- businessGroup>The Coca-Cola Company</businessGroup -->
							<properties>
							     <env>${env}</env>
                                 <key>${key}</key>
								 <secure.properties>key</secure.properties>
							</properties>
						</configuration>
						<executions>
							<execution>
								<id>deploy</id>
								<phase>deploy</phase>
								<goals>
									<goal>deploy</goal>
								</goals>
							</execution>
						</executions>
					</plugin>
				</plugins>
			</build>
		</profile>
		<profile>
			<id>STANDALONE-DEPLOYMENT</id>
			<activation>
				<activeByDefault>false</activeByDefault>
			</activation>
			<build>
				<plugins>				
					<plugin>
						<groupId>org.mule.tools.maven</groupId>
						<artifactId>mule-maven-plugin</artifactId>
						<version>2.1.1</version>
						<configuration>
							<deploymentType>arm</deploymentType>
							<url>https://anypoint.mulesoft.com/accounts</url>
							<username>${username}</username>
							<password>${password}</password>
							<target>standaloneserver</target>
							<!-- One of: server, serverGroup, cluster: -->
							<targetType>server</targetType>
							<environment>DEV</environment>
						</configuration>
						<executions>
							<execution>
								<id>deploy</id>
								<phase>deploy</phase>
								<goals>
									<goal>deploy</goal>
								</goals>
							</execution>
						</executions>
					</plugin>					
				</plugins>
			</build>
		</profile>
	</profiles>
	<reporting>
		<plugins>
			<plugin>
				<groupId>org.apache.maven.plugins</groupId>
				<artifactId>maven-checkstyle-plugin</artifactId>
				<version>2.17</version>
				<reportSets>
					<reportSet>
						<reports>
							<report>checkstyle</report>
						</reports>
					</reportSet>
				</reportSets>
			</plugin>
			<plugin>
				<groupId>org.apache.maven.plugins</groupId>
				<artifactId>maven-pmd-plugin</artifactId>
				<version>3.6</version>
			</plugin>
			<plugin>
				<groupId>org.codehaus.mojo</groupId>
				<artifactId>findbugs-maven-plugin</artifactId>
				<version>3.0.4</version>
			</plugin>
		</plugins>
	</reporting>

</project>