<?xml version="1.0" encoding="UTF-8"?>

<mule xmlns:context="http://www.springframework.org/schema/context"
	xmlns:http="http://www.mulesoft.org/schema/mule/http"
	xmlns:scripting="http://www.mulesoft.org/schema/mule/scripting"
	xmlns="http://www.mulesoft.org/schema/mule/core" xmlns:doc="http://www.mulesoft.org/schema/mule/documentation"
	xmlns:spring="http://www.springframework.org/schema/beans" 
	xmlns:xsi="http://www.w3.org/2001/XMLSchema-instance"
	xsi:schemaLocation="http://www.springframework.org/schema/context http://www.springframework.org/schema/context/spring-context-current.xsd
http://www.mulesoft.org/schema/mule/http http://www.mulesoft.org/schema/mule/http/current/mule-http.xsd
http://www.mulesoft.org/schema/mule/scripting http://www.mulesoft.org/schema/mule/scripting/current/mule-scripting.xsd
http://www.springframework.org/schema/beans http://www.springframework.org/schema/beans/spring-beans-current.xsd
http://www.mulesoft.org/schema/mule/core http://www.mulesoft.org/schema/mule/core/current/mule.xsd">

<!-- This is the sample code just for understanding of the logging framework and exception handling -->

    <flow name="Main-Flow-1">
        <poll doc:name="Poll">
            <fixed-frequency-scheduler frequency="20" startDelay="1" timeUnit="SECONDS"/>
            <logger level="INFO" message="Main-flow-1 with Auto generated CorrelationID" doc:name="DummySource"/>
        </poll>  
        <object-to-string-transformer doc:name="Object to String"/>
        <set-payload value="#['Dummy Payload for Main-flow-1']" doc:name="Set Payload"/>
        <set-variable value="${SqsName}" variableName="resourceNameValue" doc:name="ResourceNameValue" />
        <set-variable variableName="loggingEntry" value="Main-Flow-1-entry-log" doc:name="logging-entry"/>
        <logger message="#[LoggingAppendString]" level="INFO" doc:name="Start LOG"/>
        <set-variable variableName="payloadAttributesValue" value="#[new java.util.HashMap()]"  doc:name="Map For Payload Attributes" />
        <expression-component doc:name="Setting Payload Attributes">
              <![CDATA[flowVars.payloadAttributesValue.put('Correlation ID', message.correlationId); 
                       flowVars.payloadAttributesValue.put('EmpID', 'CokeEmpID_123');
                       flowVars.payloadAttributesValue.put('EmpName', 'TCCC_Name-1'); 
              ]]>
	    </expression-component>
        <set-variable variableName="groupIDValue" value="#['Dummyfile_'+server.dateTime.format('yyyy-MM-dd hh:mm:ss:SS')+'.txt']" doc:name="GroupID"/>
       
       <!-- Dummy Exception just for understanding if exception occurs then how the logging framework will work-->
       <!--  <scripting:component doc:name="Groovy">
            <scripting:script engine="Groovy"><![CDATA[throw new java.lang.NullPointerException('Exception Block');]]></scripting:script>
        </scripting:component> -->
        
        <set-variable variableName="loggingEntry" value="Main-Flow-1-exit-Log" doc:name="logging-entry"/>
        <logger message="#[LoggingAppendString]" level="INFO" doc:name="End LOG"/>
        <exception-strategy ref="GlobalExceptionStrategy" doc:name="Reference Exception Strategy"/>
    </flow>
    
    <!-- If develper don't want the correlationID which logging framework is providing then this flow will be useful -->
    <flow name="Main-Flow-2">
        <poll doc:name="Poll">
            <fixed-frequency-scheduler frequency="30" startDelay="4" timeUnit="SECONDS"/>
            <logger level="INFO" message="Main-flow-2 with Custom CorrelationID" doc:name="DummySource"/>
        </poll>  
        <!-- Setting CorrelationID based on requirement -->
        <scripting:component doc:name="Setting CorrelationID">
            <scripting:script engine="Groovy">
            <![CDATA[message.correlationId='98000000000012';]]></scripting:script>
        </scripting:component>
        <set-payload value="#['Dummy Payload for Main-flow-2']" doc:name="Set Payload"/>
        <set-variable variableName="loggingEntry" value="Main-Flow-2-entry-Log" doc:name="logging-entry"/>
        <logger message="#[LoggingAppendString]" level="INFO" doc:name="Start LOG"/>
        
        <!-- Dummy Exception just for understanding if exception occurs then how the logging framework will work-->
       <!--  <scripting:component doc:name="Groovy">
            <scripting:script engine="Groovy"><![CDATA[throw new java.net.SocketTimeoutException('SocketTimeoutException');]]></scripting:script>
        </scripting:component> -->
        
        <set-variable variableName="payloadAttributesValue" value="#[new java.util.HashMap()]"  doc:name="Map For Payload Attributes" />
        <expression-component doc:name="Setting Payload Attributes">
              <![CDATA[flowVars.payloadAttributesValue.put('Correlation ID', message.correlationId); 
                       flowVars.payloadAttributesValue.put('EmpID', 'CokeEmpID_321');
                       flowVars.payloadAttributesValue.put('EmpName', 'TCCC_Name-2'); 
              ]]>
	    </expression-component>
        <set-variable variableName="loggingEntry" value="Main-Flow-2-exit-log" doc:name="logging-entry"/>
        <logger message="#[LoggingAppendString]" level="INFO" doc:name="End LOG"/>
        <exception-strategy ref="GlobalExceptionStrategy" doc:name="Reference Exception Strategy"/>
    </flow>
</mule>
