{
	"_comment": "The below logging entries contains dummy data, can be changed based on requirement",
	"logging-metadata-entries": [
		{
			"entry": {
				"id": "Main-Flow-1-entry-log",
				"statusValue": "success",
				"executionPointValue": "start of a Main-Flow-1",
				"resourceTypeValue": "SQS",
				"resourceNameType":"",
				"payloadValue":"payload"
			}
		},
		{
			"entry": {
				"id": "Main-Flow-1-exit-Log",
				"statusValue": "success",
				"executionPointValue": "end of a Main-Flow-1",
				"resourceTypeValue": "flow",
				"resourceNameValue": "Main-Flow-1",
				"payloadValue":"payloadAttribute"
			}
		},
		{
			"entry": {
				"id": "Main-Flow-2-entry-Log",
				"statusValue": "success",
				"executionPointValue": "start of a Main-Flow-2",
				"resourceTypeValue": "flow",
				"resourceNameValue": "Main-Flow-2",
				"payloadValue":"payload"
			}
		},
		{
			"entry": {
				"id": "Main-Flow-2-exit-log",
				"statusValue": "success",
				"executionPointValue": "end of a Main-Flow-2",
				"resourceTypeValue": "flow",
				"resourceNameValue": "Main-Flow-2",
				"payloadValue":"payloadAttribute"
			}
		},
		{
			"entry": {
				"id": "socket-timeout-exception",
				"statusValue": "exception occurs",
				"executionPointValue": "exception handling",
				"resourceTypeValue": "flow",
				"resourceNameValue": "flow name where possibility of this exception",
				"errorCodeValue": "E101",
				"errorTypeValue": "java.net.SocketTimeoutException",
				"payloadValue":"payloadAttribute"
			}
		},
		{
			"entry": {
				"id": "connect-exception",
				"statusValue": "exception occurs",
				"executionPointValue": "exception handling",
				"resourceTypeValue": "flow",
				"resourceNameValue": "flow name where possibility of this exception",
				"errorCodeValue": "E102",
				"errorTypeValue": "java.net.ConnectionException",
				"payloadValue":"payloadAttribute"
			}
		},
		{
			"entry": {
				"id": "io-exception",
				"statusValue": "exception occurs",
				"executionPointValue": "exception handling",
				"resourceTypeValue": "flow",
				"resourceNameValue": "flow name where possibility of this exception",
				"errorCodeValue": "E103",
				"errorTypeValue": "java.io.IOException",
				"payloadValue":"payloadAttribute"
			}
		},
		{
			"entry": {
				"id": "null-pointer-exception",
				"statusValue": "exception occurs",
				"executionPointValue": "exception handling",
				"resourceTypeValue": "flow",
				"resourceNameValue": "flow name where possibility of this exception",
				"errorCodeValue": "E104",
				"errorTypeValue": "java.lang.NullPointerException",
				"payloadValue":"payloadAttribute"
			}
		},
		{
			"entry": {
				"id": "default-exception",
				"statusValue": "exception occurs",
				"executionPointValue": "exception handling",
				"resourceTypeValue": "flow",
				"resourceNameValue": "flow name where possibility of this exception",
				"errorCodeValue": "E105",
				"errorTypeValue": "java.lang.Exception",
				"payloadValue":"payloadAttribute"
			}
		}
	]
}
